"Welcome to address book service in MySQL database"

UC1 -> Create a database for address book service
---------------------------------------------------------
mysql> CREATE DATABASE address_book_service;
Query OK, 1 row affected (0.01 sec)

mysql> SHOW DATABASES;
+----------------------+
| Database             |
+----------------------+
| address_book_service |
| information_schema   |
| mysql                |
| payroll_service      |
| performance_schema   |
| sys                  |
+----------------------+
6 rows in set (0.03 sec)

--------------------------------------------------------------------------
UC2 -> Create a table with various fields in address book service database
--------------------------------------------------------------------------
mysql> USE address_book_service;
Database changed
mysql> CREATE TABLE address_book(firstName VARCHAR(20) NOT NULL,
    -> lastName VARCHAR(20) NOT NULL,
    -> address VARCHAR(150) NOT NULL,
    -> city VARCHAR(20) NOT NULL,
    -> state VARCHAR(20) NOT NULL,
    -> zip INT NOT NULL,
    -> phone_Number INT NOT NULL,
    -> email_Id VARCHAR(30) NOT NULL);
Query OK, 0 rows affected (0.06 sec)

mysql> DESCRIBE address_book;
+--------------+--------------+------+-----+---------+-------+
| Field        | Type         | Null | Key | Default | Extra |
+--------------+--------------+------+-----+---------+-------+
| firstName    | varchar(20)  | NO   |     | NULL    |       |
| lastName     | varchar(20)  | NO   |     | NULL    |       |
| address      | varchar(150) | NO   |     | NULL    |       |
| city         | varchar(20)  | NO   |     | NULL    |       |
| state        | varchar(20)  | NO   |     | NULL    |       |
| zip          | int          | NO   |     | NULL    |       |
| phone_Number | int          | NO   |     | NULL    |       |
| email_Id     | varchar(30)  | NO   |     | NULL    |       |
+--------------+--------------+------+-----+---------+-------+
8 rows in set (0.01 sec)

--------------------------------------------------------------------------
UC3 -> Added contacts to table of address book service database
--------------------------------------------------------------------------
mysql> INSERT INTO address_book(firstName,lastName,address,city,state,zip,phone_Number,email_Id)VALUES
    -> ('Akanksha','Jadhav','Ghatkopar','Mumbai','Maharashtra',45678,98765432,'akanksha@gmail.com'),
    -> ('Mahima','Thakur','Nerul','Mumbai','Maharashtra',1234,65432789,'mahima@gmail.com'),
    -> ('Ved','Bhoir','Vashi','Mumbai','Maharashtra',9876,12345678,'ved@gmail.com');
Query OK, 3 rows affected (0.03 sec)
Records: 3  Duplicates: 0  Warnings: 0

mysql> SELECT * FROM address_book;
+-----------+----------+-----------+--------+-------------+-------+--------------+--------------------+
| firstName | lastName | address   | city   | state       | zip   | phone_Number | email_Id           |
+-----------+----------+-----------+--------+-------------+-------+--------------+--------------------+
| Akanksha  | Jadhav   | Ghatkopar | Mumbai | Maharashtra | 45678 |     98765432 | akanksha@gmail.com |
| Mahima    | Thakur   | Nerul     | Mumbai | Maharashtra |  1234 |     65432789 | mahima@gmail.com   |
| Ved       | Bhoir    | Vashi     | Mumbai | Maharashtra |  9876 |     12345678 | ved@gmail.com      |
+-----------+----------+-----------+--------+-------------+-------+--------------+--------------------+
3 rows in set (0.00 sec)

--------------------------------------------------------------------------
UC4 -> Edit contact in a table of address book service database
--------------------------------------------------------------------------
mysql>  update address_book set city = 'Navi Mumbai' where firstName = 'Mahima';
Query OK, 1 row affected (0.02 sec)
Rows matched: 1  Changed: 1  Warnings: 0

mysql> SELECT * FROM address_book;
+-----------+----------+-----------+-------------+-------------+-------+--------------+--------------------+
| firstName | lastName | address   | city        | state       | zip   | phone_Number | email_Id           |
+-----------+----------+-----------+-------------+-------------+-------+--------------+--------------------+
| Akanksha  | Jadhav   | Ghatkopar | Mumbai      | Maharashtra | 45678 |     98765432 | akanksha@gmail.com |
| Mahima    | Thakur   | Nerul     | Navi Mumbai | Maharashtra |  1234 |     65432789 | mahima@gmail.com   |
| Ved       | Bhoir    | Vashi     | Mumbai      | Maharashtra |  9876 |     12345678 | ved@gmail.com      |
+-----------+----------+-----------+-------------+-------------+-------+--------------+--------------------+
3 rows in set (0.00 sec)

--------------------------------------------------------------------------
UC5 -> Delete contact in a table of address book service database
--------------------------------------------------------------------------
mysql> DELETE FROM address_book WHERE firstName = 'Akanksha';
Query OK, 1 row affected (0.02 sec)

mysql> SELECT * FROM address_book;
+-----------+----------+---------+-------------+-------------+------+--------------+------------------+
| firstName | lastName | address | city        | state       | zip  | phone_Number | email_Id         |
+-----------+----------+---------+-------------+-------------+------+--------------+------------------+
| Mahima    | Thakur   | Nerul   | Navi Mumbai | Maharashtra | 1234 |     65432789 | mahima@gmail.com |
| Ved       | Bhoir    | Vashi   | Mumbai      | Maharashtra | 9876 |     12345678 | ved@gmail.com    |
+-----------+----------+---------+-------------+-------------+------+--------------+------------------+
2 rows in set (0.00 sec)

--------------------------------------------------------------------------
UC6 -> Retrieve contact using city or state from a table of address book service database
--------------------------------------------------------------------------
mysql> SELECT * FROM address_book WHERE city = 'Mumbai';
+-----------+----------+---------+--------+-------------+------+--------------+---------------+
| firstName | lastName | address | city   | state       | zip  | phone_Number | email_Id      |
+-----------+----------+---------+--------+-------------+------+--------------+---------------+
| Ved       | Bhoir    | Vashi   | Mumbai | Maharashtra | 9876 |     12345678 | ved@gmail.com |
+-----------+----------+---------+--------+-------------+------+--------------+---------------+
1 row in set (0.00 sec)

mysql> SELECT * FROM address_book WHERE city = 'Mumbai' or state = 'Maharashtra';
+-----------+----------+---------+-------------+-------------+------+--------------+------------------+
| firstName | lastName | address | city        | state       | zip  | phone_Number | email_Id         |
+-----------+----------+---------+-------------+-------------+------+--------------+------------------+
| Mahima    | Thakur   | Nerul   | Navi Mumbai | Maharashtra | 1234 |     65432789 | mahima@gmail.com |
| Ved       | Bhoir    | Vashi   | Mumbai      | Maharashtra | 9876 |     12345678 | ved@gmail.com    |
+-----------+----------+---------+-------------+-------------+------+--------------+------------------+
2 rows in set (0.00 sec)

--------------------------------------------------------------------------
UC7 -> Retrieved size of table of address book service database
--------------------------------------------------------------------------
mysql> SELECT COUNT(city) FROM address_book;
+-------------+
| COUNT(city) |
+-------------+
|           2 |
+-------------+
1 row in set (0.02 sec)

mysql> SELECT COUNT(state) FROM address_book;
+--------------+
| COUNT(state) |
+--------------+
|            2 |
+--------------+
1 row in set (0.00 sec)

mysql> SELECT city,state,COUNT(*) FROM address_book;
+-------------+-------------+----------+
| city        | state       | COUNT(*) |
+-------------+-------------+----------+
| Navi Mumbai | Maharashtra |        2 |
+-------------+-------------+----------+
1 row in set (0.02 sec)

mysql> SELECT COUNT(city) and COUNT(state) FROM address_book;
+------------------------------+
| COUNT(city) and COUNT(state) |
+------------------------------+
|                            1 |
+------------------------------+
1 row in set (0.00 sec)

--------------------------------------------------------------------------
UC8 -> Retrieve contact sorted alphabetically of table of address book service database
--------------------------------------------------------------------------
mysql> SELECT * FROM address_book;
+-----------+----------+-----------+-------------+-------------+-------+--------------+------------------+
| firstName | lastName | address   | city        | state       | zip   | phone_Number | email_Id         |
+-----------+----------+-----------+-------------+-------------+-------+--------------+------------------+
| Mahima    | Thakur   | Nerul     | Navi Mumbai | Maharashtra |  1234 |     65432789 | mahima@gmail.com |
| Ved       | Bhoir    | Vashi     | Mumbai      | Maharashtra |  9876 |     12345678 | ved@gmail.com    |
| Neha      | Jadhav   | Ghatkopar | Mumbai      | Maharashtra | 45678 |     98765432 | neha@gmail.com   |
+-----------+----------+-----------+-------------+-------------+-------+--------------+------------------+
3 rows in set (0.00 sec)

mysql> SELECT * FROM address_book ORDER BY firstName;
+-----------+----------+-----------+-------------+-------------+-------+--------------+------------------+
| firstName | lastName | address   | city        | state       | zip   | phone_Number | email_Id         |
+-----------+----------+-----------+-------------+-------------+-------+--------------+------------------+
| Mahima    | Thakur   | Nerul     | Navi Mumbai | Maharashtra |  1234 |     65432789 | mahima@gmail.com |
| Neha      | Jadhav   | Ghatkopar | Mumbai      | Maharashtra | 45678 |     98765432 | neha@gmail.com   |
| Ved       | Bhoir    | Vashi     | Mumbai      | Maharashtra |  9876 |     12345678 | ved@gmail.com    |
+-----------+----------+-----------+-------------+-------------+-------+--------------+------------------+
3 rows in set (0.00 sec)

mysql> SELECT firstName,city FROM address_book ORDER BY city;
+-----------+-------------+
| firstName | city        |
+-----------+-------------+
| Ved       | Mumbai      |
| Neha      | Mumbai      |
| Mahima    | Navi Mumbai |
+-----------+-------------+
3 rows in set (0.00 sec)

--------------------------------------------------------------------------
UC9 -> Alter address book to add name and type
--------------------------------------------------------------------------
mysql> ALTER TABLE address_book ADD bookName VARCHAR(20) NOT NULL ,ADD conatctType VARCHAR(30) NOT NULL;
Query OK, 0 rows affected (0.06 sec)
Records: 0  Duplicates: 0  Warnings: 0

mysql> SELECT * FROM address_book;
+-----------+----------+-----------+-------------+-------------+-------+--------------+------------------+----------+-------------+
| firstName | lastName | address   | city        | state       | zip   | phone_Number | email_Id         | bookName | conatctType |
+-----------+----------+-----------+-------------+-------------+-------+--------------+------------------+----------+-------------+
| Mahima    | Thakur   | Nerul     | Navi Mumbai | Maharashtra |  1234 |     65432789 | mahima@gmail.com |          |             |
| Ved       | Bhoir    | Vashi     | Mumbai      | Maharashtra |  9876 |     12345678 | ved@gmail.com    |          |             |
| Neha      | Jadhav   | Ghatkopar | Mumbai      | Maharashtra | 45678 |     98765432 | neha@gmail.com   |          |             |
+-----------+----------+-----------+-------------+-------------+-------+--------------+------------------+----------+-------------+
3 rows in set (0.00 sec)

mysql> DESCRIBE address_book;
+--------------+--------------+------+-----+---------+-------+
| Field        | Type         | Null | Key | Default | Extra |
+--------------+--------------+------+-----+---------+-------+
| firstName    | varchar(20)  | NO   |     | NULL    |       |
| lastName     | varchar(20)  | NO   |     | NULL    |       |
| address      | varchar(150) | NO   |     | NULL    |       |
| city         | varchar(20)  | NO   |     | NULL    |       |
| state        | varchar(20)  | NO   |     | NULL    |       |
| zip          | int          | NO   |     | NULL    |       |
| phone_Number | int          | NO   |     | NULL    |       |
| email_Id     | varchar(30)  | NO   |     | NULL    |       |
| bookName     | varchar(20)  | NO   |     | NULL    |       |
| conatctType  | varchar(30)  | NO   |     | NULL    |       |
+--------------+--------------+------+-----+---------+-------+
10 rows in set (0.00 sec)

mysql> ALTER TABLE address_book CHANGE conatctType contactType VARCHAR(30);
Query OK, 0 rows affected (0.10 sec)
Records: 0  Duplicates: 0  Warnings: 0

mysql> SELECT * FROM address_book;
+-----------+----------+-----------+-------------+-------------+-------+--------------+------------------+----------+-------------+
| firstName | lastName | address   | city        | state       | zip   | phone_Number | email_Id         | bookName | contactType |
+-----------+----------+-----------+-------------+-------------+-------+--------------+------------------+----------+-------------+
| Mahima    | Thakur   | Nerul     | Navi Mumbai | Maharashtra |  1234 |     65432789 | mahima@gmail.com |          |             |
| Ved       | Bhoir    | Vashi     | Mumbai      | Maharashtra |  9876 |     12345678 | ved@gmail.com    |          |             |
| Neha      | Jadhav   | Ghatkopar | Mumbai      | Maharashtra | 45678 |     98765432 | neha@gmail.com   |          |             |
+-----------+----------+-----------+-------------+-------------+-------+--------------+------------------+----------+-------------+
3 rows in set (0.00 sec)

mysql>  UPDATE address_book SET bookName = 'Bridgelabz',contactType = 'Professional' WHERE firstName = 'Mahima';
Query OK, 1 row affected (0.02 sec)
Rows matched: 1  Changed: 1  Warnings: 0

mysql>  UPDATE address_book SET bookName = 'Hike',contactType = 'Family' WHERE firstName = 'Ved';
Query OK, 1 row affected (0.01 sec)
Rows matched: 1  Changed: 1  Warnings: 0

mysql>  UPDATE address_book SET bookName = 'Sigce',contactType = 'Friend' WHERE firstName = 'Neha';
Query OK, 1 row affected (0.01 sec)
Rows matched: 1  Changed: 1  Warnings: 0

mysql> SELECT * FROM address_book;
+-----------+----------+-----------+-------------+-------------+-------+--------------+------------------+------------+--------------+
| firstName | lastName | address   | city        | state       | zip   | phone_Number | email_Id         | bookName   | contactType  |
+-----------+----------+-----------+-------------+-------------+-------+--------------+------------------+------------+--------------+
| Mahima    | Thakur   | Nerul     | Navi Mumbai | Maharashtra |  1234 |     65432789 | mahima@gmail.com | Bridgelabz | Professional |
| Ved       | Bhoir    | Vashi     | Mumbai      | Maharashtra |  9876 |     12345678 | ved@gmail.com    | Hike       | Family       |
| Neha      | Jadhav   | Ghatkopar | Mumbai      | Maharashtra | 45678 |     98765432 | neha@gmail.com   | Sigce      | Friend       |
+-----------+----------+-----------+-------------+-------------+-------+--------------+------------------+------------+--------------+
3 rows in set (0.00 sec)

--------------------------------------------------------------------------
UC10 -> Count contacts through contactType for address book
--------------------------------------------------------------------------

mysql>  SELECT COUNT(contactType) FROM address_book WHERE contactType='Family';
+--------------------+
| COUNT(contactType) |
+--------------------+
|                  1 |
+--------------------+
1 row in set (0.00 sec)

mysql>  SELECT COUNT(contactType) FROM address_book WHERE contactType='Friend';
+--------------------+
| COUNT(contactType) |
+--------------------+
|                  1 |
+--------------------+
1 row in set (0.00 sec)

mysql>  SELECT COUNT(contactType) FROM address_book WHERE contactType='Professional';
+--------------------+
| COUNT(contactType) |
+--------------------+
|                  1 |
+--------------------+
1 row in set (0.00 sec)

--------------------------------------------------------------------------
UC11 ->  Ability to add person to both Friend and Family
--------------------------------------------------------------------------
mysql> INSERT INTO address_book(firstName,lastName,address,city,state,zip,phone_number,email_Id,bookName,contactType)VALUES
    -> ('Akanksha','Jadhav','Ghatkopar','Mumbai','Maharashtra',09878,65432178,'akanksha@gmail.com','Bridgelabz','Friend');
Query OK, 1 row affected (0.01 sec)

mysql> INSERT INTO address_book(firstName,lastName,address,city,state,zip,phone_number,email_Id,bookName,contactType)VALUES
    -> ('Shruti','Jadhav','Ghansoli',' Navi Mumbai','Maharashtra',4567,198234509,'Shruti@gmail.com','Hike','Family');
Query OK, 1 row affected (0.02 sec)

mysql> SELECT * FROM address_book;
+-----------+----------+-----------+--------------+-------------+-------+--------------+--------------------+------------+--------------+
| firstName | lastName | address   | city         | state       | zip   | phone_Number | email_Id           | bookName   | contactType  |
+-----------+----------+-----------+--------------+-------------+-------+--------------+--------------------+------------+--------------+
| Mahima    | Thakur   | Nerul     | Navi Mumbai  | Maharashtra |  1234 |     65432789 | mahima@gmail.com   | Bridgelabz | Professional |
| Ved       | Bhoir    | Vashi     | Mumbai       | Maharashtra |  9876 |     12345678 | ved@gmail.com      | Hike       | Family       |
| Neha      | Jadhav   | Ghatkopar | Mumbai       | Maharashtra | 45678 |     98765432 | neha@gmail.com     | Sigce      | Friend       |
| Akanksha  | Jadhav   | Ghatkopar | Mumbai       | Maharashtra |  9878 |     65432178 | akanksha@gmail.com | Bridgelabz | Friend       |
| Shruti    | Jadhav   | Ghansoli  |  Navi Mumbai | Maharashtra |  4567 |    198234509 | Shruti@gmail.com   | Hike       | Family       |
+-----------+----------+-----------+--------------+-------------+-------+--------------+--------------------+------------+--------------+
5 rows in set (0.00 sec)
